MAE,RMSE,R2
41.65750564049029,52.1864722444105,0.8971507166726755
